method,p,n,trial,std,theta,error,error_max,error_min
PPI,1000,500,0,1.0,-1.4060086927513482e-05,0.0014486824852675913,0.016261097366168036,4.6196863660182877e-10
